[
    {
        "name": "Laptop Gamer",
        "price": "$12,000",
        "description": "Laptop de alto rendimiento con procesador Intel i7, 16GB RAM y tarjeta gráfica RTX 3060."
    },
    {
        "name": "Monitor 4K",
        "price": "$3,500",
        "description": "Monitor de ultra alta definición con panel IPS, 144Hz y tecnología FreeSync."
    },
    {
        "name": "Teclado Mecánico RGB",
        "price": "$800",
        "description": "Teclado con switches mecánicos rojos, retroiluminación RGB y estructura de aluminio."
    },
    {
        "name": "Mouse Inalámbrico",
        "price": "$200",
        "description": "Mouse ergonómico con sensor de alta precisión y batería recargable de larga duración."
    },
    {
        "name": "Auriculares Gamer",
        "price": "$500",
        "description": "Auriculares con sonido envolvente 7.1, micrófono con cancelación de ruido y conexión USB."
    },
    {
        "name": "Silla Ergonómica",
        "price": "$2,500",
        "description": "Silla de oficina con soporte lumbar ajustable, reposabrazos 4D y diseño transpirable."
    },
    {
        "name": "Disco Duro SSD 1TB",
        "price": "8,000",
        "description": "Unidad de almacenamiento SSD NVMe con velocidades de lectura de hasta 3500MB/s."
    },
    {
        "name": "Smartwatch Deportivo",
        "price": "$6,000",
        "description": "Reloj inteligente con GPS, resistencia al agua y monitoreo de ritmo cardíaco en tiempo real."
    },
    {
        "name": "Cámara Web Full HD",
        "price": "$7,500",
        "description": "Cámara web con resolución 1080p, autoenfoque y micrófono integrado con reducción de ruido."
    },
    {
        "name": "Tarjeta Gráfica RTX 4060",
        "price": "$9,000",
        "description": "GPU de última generación con 8GB GDDR6 y soporte para Ray Tracing en tiempo real."
    }
]
